{"cameraMode":{"drawMode":0,"name":"Shaded","section":"Shading Mode"},"sceneLighting":true,"audioPlay":false,"sceneViewState":{"showFog":true,"showMaterialUpdate":false,"showSkybox":true,"showFlares":true,"showImageEffects":true,"showParticleSystems":true},"in2DMode":false,"pivot":{"x":-2.676884412765503,"y":1.627668023109436,"z":-5.199857711791992},"rotation":{"x":0.00003639443821157329,"y":0.9995636343955994,"z":0.0011898881057277322,"w":-0.02969483658671379},"size":10.076546669006348,"orthographic":false}