{"cameraMode":{"drawMode":0,"name":"Shaded","section":"Shading Mode"},"sceneLighting":true,"audioPlay":false,"sceneViewState":{"showFog":true,"showMaterialUpdate":false,"showSkybox":true,"showFlares":true,"showImageEffects":true,"showParticleSystems":true},"in2DMode":false,"pivot":{"x":5.5789313316345219,"y":1.8460813760757447,"z":2.254897356033325},"rotation":{"x":0.003385398769751191,"y":0.9927365183830261,"z":-0.11699440330266953,"w":0.028599943965673448},"size":3.922574281692505,"orthographic":false}